[{"game id": "0021500032", "game date": "2015-10-30", "home team": "Phoenix Suns", "away team": "Portland Trail Blazers"}, {"game id": "0021500053", "game date": "2015-11-03", "home team": "Charlotte Hornets", "away team": "Chicago Bulls"}, {"game id": "0021500069", "game date": "2015-11-04", "home team": "Golden State Warriors", "away team": "Los Angeles Clippers"}, {"game id": "0021500072", "game date": "2015-11-05", "home team": "Dallas Mavericks", "away team": "Charlotte Hornets"}, {"game id": "0021500101", "game date": "2015-11-09", "home team": "Atlanta Hawks", "away team": "Minnesota Timberwolves"}, {"game id": "0021500102", "game date": "2015-11-09", "home team": "Denver Nuggets", "away team": "Portland Trail Blazers"}, {"game id": "0021500103", "game date": "2015-11-09", "home team": "Sacramento Kings", "away team": "San Antonio Spurs"}, {"game id": "0021500104", "game date": "2015-11-09", "home team": "Golden State Warriors", "away team": "Detroit Pistons"}, {"game id": "0021500105", "game date": "2015-11-09", "home team": "Los Angeles Clippers", "away team": "Memphis Grizzlies"}, {"game id": "0021500419", "game date": "2015-12-22", "home team": "Philadelphia 76ers", "away team": "Memphis Grizzlies"}, {"game id": "0021500420", "game date": "2015-12-22", "home team": "Miami Heat", "away team": "Detroit Pistons"}, {"game id": "0021500469", "game date": "2015-12-29", "home team": "New York Knicks", "away team": "Detroit Pistons"}, {"game id": "0021500472", "game date": "2015-12-29", "home team": "Oklahoma City Thunder", "away team": "Milwaukee Bucks"}]